indicator,area,period,value,unit,page,model,provenance,evidence,unit_range,arithmetic,cross_read,status,reason
imbonerahamwe_igaragaza_inca,Mu mijyi,Ijanisha ry'ihinduka ry'ibiciro ugereranyije n'ukwezi bisa k'umwaka ushize ndetse n'ukwezi kwakubanjirije 2025,7.1,,4,rules-only,True,True,True,True,match,verified,
imbonerahamwe_igaragaza_inca,Mu mijyi,Ijanisha ry'ihinduka ry'ibiciro ugereranyije n'ukwezi bisa k'umwaka ushize ndetse n'ukwezi kwakubanjirije 2025 (2),7.3,,4,rules-only,True,True,True,True,match,verified,
imbonerahamwe_igaragaza_inca,Mu mijyi,Ijanisha ry'ihinduka ry'ibiciro ugereranyije n'ukwezi bisa k'umwaka ushize ndetse n'ukwezi kwakubanjirije 2025 (3),7.1,,4,rules-only,True,True,True,True,match,verified,
imbonerahamwe_igaragaza_inca,Mu mijyi,Ijanisha ry'ihinduka ry'ibiciro ugereranyije n'ukwezi bisa k'umwaka ushize ndetse n'ukwezi kwakubanjirije 2025 (4),7.2,,4,rules-only,True,True,True,True,match,verified,
imbonerahamwe_igaragaza_inca,Mu mijyi,Ijanisha ry'ihinduka ry'ibiciro ugereranyije n'ukwezi bisa k'umwaka ushize ndetse n'ukwezi kwakubanjirije 2025 (5),8.0,,4,rules-only,True,True,True,True,match,verified,
imbonerahamwe_igaragaza_inca,Mu mijyi,Ijanisha ry'ihinduka ry'ibiciro ugereranyije n'ukwezi bisa k'umwaka ushize ndetse n'ukwezi kwakubanjirije 2026,8.9,,4,rules-only,True,True,True,True,match,verified,
imbonerahamwe_igaragaza_inca,Mu mijyi,Ijanisha ry'ihinduka ry'ibiciro ugereranyije n'ukwezi bisa k'umwaka ushize ndetse n'ukwezi kwakubanjirije 2026 (2),9.2,,4,rules-only,True,True,True,True,match,verified,
imbonerahamwe_igaragaza_inca,Mu mijyi,Ijanisha ry'ihinduka ry'ibiciro ugereranyije n'ukwezi bisa k'umwaka ushize ndetse n'ukwezi kwakubanjirije 2026 (3),9.2,,4,rules-only,True,True,True,True,match,verified,
imbonerahamwe_igaragaza_inca,Mu mijyi,Ijanisha ry'ihinduka ry'ibiciro ugereranyije n'ukwezi bisa k'umwaka ushize ndetse n'ukwezi kwakubanjirije 2026 (4),13.0,,4,rules-only,True,True,True,True,match,verified,
imbonerahamwe_igaragaza_inca,Mu mijyi,Ijanisha ry'ihinduka ry'ibiciro ugereranyije n'ukwezi bisa k'umwaka ushize ndetse n'ukwezi kwakubanjirije 2026 (5),12.9,,4,rules-only,True,True,True,True,match,verified,
imbonerahamwe_igaragaza_inca,Mu mijyi,Ijanisha ry'ihinduka ry'ibiciro ugereranyije n'ukwezi bisa k'umwaka ushize ndetse n'ukwezi kwakubanjirije 2026 (6),13.6,,4,rules-only,True,True,True,True,match,verified,
imbonerahamwe_igaragaza_inca,Mu mijyi,Ijanisha ry'ihinduka ry'ibiciro ugereranyije n'ukwezi bisa k'umwaka ushize ndetse n'ukwezi kwakubanjirije 2026 (7),14.5,,4,rules-only,True,True,True,True,match,verified,
imbonerahamwe_igaragaza_inca,Mu mijyi,Ijanisha ry'ihinduka ry'ibiciro ugereranyije n'ukwezi bisa k'umwaka ushize ndetse n'ukwezi kwakubanjirije 2026 (8),15.7,,4,rules-only,True,True,True,True,match,verified,
imbonerahamwe_igaragaza_inca,Mu byaro,Ijanisha ry'ihinduka ry'ibiciro ugereranyije n'ukwezi bisa k'umwaka ushize ndetse n'ukwezi kwakubanjirije 2025,5.9,,4,rules-only,True,True,True,True,match,verified,
imbonerahamwe_igaragaza_inca,Mu byaro,Ijanisha ry'ihinduka ry'ibiciro ugereranyije n'ukwezi bisa k'umwaka ushize ndetse n'ukwezi kwakubanjirije 2025 (2),5.5,,4,rules-only,True,True,True,True,match,verified,
imbonerahamwe_igaragaza_inca,Mu byaro,Ijanisha ry'ihinduka ry'ibiciro ugereranyije n'ukwezi bisa k'umwaka ushize ndetse n'ukwezi kwakubanjirije 2025 (3),3.8,,4,rules-only,True,True,True,True,match,verified,
imbonerahamwe_igaragaza_inca,Mu byaro,Ijanisha ry'ihinduka ry'ibiciro ugereranyije n'ukwezi bisa k'umwaka ushize ndetse n'ukwezi kwakubanjirije 2025 (4),2.0,,4,rules-only,True,True,True,True,match,verified,
imbonerahamwe_igaragaza_inca,Mu byaro,Ijanisha ry'ihinduka ry'ibiciro ugereranyije n'ukwezi bisa k'umwaka ushize ndetse n'ukwezi kwakubanjirije 2025 (5),3.3,,4,rules-only,True,True,True,True,match,verified,
imbonerahamwe_igaragaza_inca,Mu byaro,Ijanisha ry'ihinduka ry'ibiciro ugereranyije n'ukwezi bisa k'umwaka ushize ndetse n'ukwezi kwakubanjirije 2026,6.5,,4,rules-only,True,True,True,True,match,verified,
imbonerahamwe_igaragaza_inca,Mu byaro,Ijanisha ry'ihinduka ry'ibiciro ugereranyije n'ukwezi bisa k'umwaka ushize ndetse n'ukwezi kwakubanjirije 2026 (2),7.0,,4,rules-only,True,True,True,True,match,verified,
imbonerahamwe_igaragaza_inca,Mu byaro,Ijanisha ry'ihinduka ry'ibiciro ugereranyije n'ukwezi bisa k'umwaka ushize ndetse n'ukwezi kwakubanjirije 2026 (3),6.7,,4,rules-only,True,True,True,True,match,verified,
imbonerahamwe_igaragaza_inca,Mu byaro,Ijanisha ry'ihinduka ry'ibiciro ugereranyije n'ukwezi bisa k'umwaka ushize ndetse n'ukwezi kwakubanjirije 2026 (4),10.6,,4,rules-only,True,True,True,True,match,verified,
imbonerahamwe_igaragaza_inca,Mu byaro,Ijanisha ry'ihinduka ry'ibiciro ugereranyije n'ukwezi bisa k'umwaka ushize ndetse n'ukwezi kwakubanjirije 2026 (5),11.8,,4,rules-only,True,True,True,True,match,verified,
imbonerahamwe_igaragaza_inca,Mu byaro,Ijanisha ry'ihinduka ry'ibiciro ugereranyije n'ukwezi bisa k'umwaka ushize ndetse n'ukwezi kwakubanjirije 2026 (6),12.1,,4,rules-only,True,True,True,True,match,verified,
imbonerahamwe_igaragaza_inca,Mu byaro,Ijanisha ry'ihinduka ry'ibiciro ugereranyije n'ukwezi bisa k'umwaka ushize ndetse n'ukwezi kwakubanjirije 2026 (7),13.3,,4,rules-only,True,True,True,True,match,verified,
imbonerahamwe_igaragaza_inca,Mu byaro,Ijanisha ry'ihinduka ry'ibiciro ugereranyije n'ukwezi bisa k'umwaka ushize ndetse n'ukwezi kwakubanjirije 2026 (8),16.0,,4,rules-only,True,True,True,True,match,verified,
imbonerahamwe_igaragaza_inca,Mu Rwanda,Ijanisha ry'ihinduka ry'ibiciro ugereranyije n'ukwezi bisa k'umwaka ushize ndetse n'ukwezi kwakubanjirije 2025,6.4,,4,rules-only,True,True,True,True,match,verified,
imbonerahamwe_igaragaza_inca,Mu Rwanda,Ijanisha ry'ihinduka ry'ibiciro ugereranyije n'ukwezi bisa k'umwaka ushize ndetse n'ukwezi kwakubanjirije 2025 (2),6.2,,4,rules-only,True,True,True,True,match,verified,
imbonerahamwe_igaragaza_inca,Mu Rwanda,Ijanisha ry'ihinduka ry'ibiciro ugereranyije n'ukwezi bisa k'umwaka ushize ndetse n'ukwezi kwakubanjirije 2025 (3),5.1,,4,rules-only,True,True,True,True,match,verified,
imbonerahamwe_igaragaza_inca,Mu Rwanda,Ijanisha ry'ihinduka ry'ibiciro ugereranyije n'ukwezi bisa k'umwaka ushize ndetse n'ukwezi kwakubanjirije 2025 (4),4.1,,4,rules-only,True,True,True,True,match,verified,
imbonerahamwe_igaragaza_inca,Mu Rwanda,Ijanisha ry'ihinduka ry'ibiciro ugereranyije n'ukwezi bisa k'umwaka ushize ndetse n'ukwezi kwakubanjirije 2025 (5),5.2,,4,rules-only,True,True,True,True,match,verified,
imbonerahamwe_igaragaza_inca,Mu Rwanda,Ijanisha ry'ihinduka ry'ibiciro ugereranyije n'ukwezi bisa k'umwaka ushize ndetse n'ukwezi kwakubanjirije 2026,7.5,,4,rules-only,True,True,True,True,match,verified,
imbonerahamwe_igaragaza_inca,Mu Rwanda,Ijanisha ry'ihinduka ry'ibiciro ugereranyije n'ukwezi bisa k'umwaka ushize ndetse n'ukwezi kwakubanjirije 2026 (2),7.9,,4,rules-only,True,True,True,True,match,verified,
imbonerahamwe_igaragaza_inca,Mu Rwanda,Ijanisha ry'ihinduka ry'ibiciro ugereranyije n'ukwezi bisa k'umwaka ushize ndetse n'ukwezi kwakubanjirije 2026 (3),7.7,,4,rules-only,True,True,True,True,match,verified,
imbonerahamwe_igaragaza_inca,Mu Rwanda,Ijanisha ry'ihinduka ry'ibiciro ugereranyije n'ukwezi bisa k'umwaka ushize ndetse n'ukwezi kwakubanjirije 2026 (4),11.5,,4,rules-only,True,True,True,True,match,verified,
imbonerahamwe_igaragaza_inca,Mu Rwanda,Ijanisha ry'ihinduka ry'ibiciro ugereranyije n'ukwezi bisa k'umwaka ushize ndetse n'ukwezi kwakubanjirije 2026 (5),12.3,,4,rules-only,True,True,True,True,match,verified,
imbonerahamwe_igaragaza_inca,Mu Rwanda,Ijanisha ry'ihinduka ry'ibiciro ugereranyije n'ukwezi bisa k'umwaka ushize ndetse n'ukwezi kwakubanjirije 2026 (6),12.7,,4,rules-only,True,True,True,True,match,verified,
imbonerahamwe_igaragaza_inca,Mu Rwanda,Ijanisha ry'ihinduka ry'ibiciro ugereranyije n'ukwezi bisa k'umwaka ushize ndetse n'ukwezi kwakubanjirije 2026 (7),13.8,,4,rules-only,True,True,True,True,match,verified,
imbonerahamwe_igaragaza_inca,Mu Rwanda,Ijanisha ry'ihinduka ry'ibiciro ugereranyije n'ukwezi bisa k'umwaka ushize ndetse n'ukwezi kwakubanjirije 2026 (8),15.9,,4,rules-only,True,True,True,True,match,verified,
imbonerahamwe_igaragaza_inca,Mu mijyi,Ijanisha ry'ihinduka ry'ibiciro ugereranyije n'ukwezi bisa k'umwaka ushize ndetse n'ukwezi kwakubanjirije 2025,0.7,,4,rules-only,True,True,True,True,match,verified,
imbonerahamwe_igaragaza_inca,Mu mijyi,Ijanisha ry'ihinduka ry'ibiciro ugereranyije n'ukwezi bisa k'umwaka ushize ndetse n'ukwezi kwakubanjirije 2025 (2),1.4,,4,rules-only,True,True,True,True,match,verified,
imbonerahamwe_igaragaza_inca,Mu mijyi,Ijanisha ry'ihinduka ry'ibiciro ugereranyije n'ukwezi bisa k'umwaka ushize ndetse n'ukwezi kwakubanjirije 2025 (3),1.3,,4,rules-only,True,True,True,True,match,verified,
imbonerahamwe_igaragaza_inca,Mu mijyi,Ijanisha ry'ihinduka ry'ibiciro ugereranyije n'ukwezi bisa k'umwaka ushize ndetse n'ukwezi kwakubanjirije 2025 (4),0.2,,4,rules-only,True,True,True,True,match,verified,
imbonerahamwe_igaragaza_inca,Mu mijyi,Ijanisha ry'ihinduka ry'ibiciro ugereranyije n'ukwezi bisa k'umwaka ushize ndetse n'ukwezi kwakubanjirije 2025 (5),0.0,,4,rules-only,True,True,True,True,match,verified,
imbonerahamwe_igaragaza_inca,Mu mijyi,Ijanisha ry'ihinduka ry'ibiciro ugereranyije n'ukwezi bisa k'umwaka ushize ndetse n'ukwezi kwakubanjirije 2026,1.3,,4,rules-only,True,True,True,True,match,verified,
imbonerahamwe_igaragaza_inca,Mu mijyi,Ijanisha ry'ihinduka ry'ibiciro ugereranyije n'ukwezi bisa k'umwaka ushize ndetse n'ukwezi kwakubanjirije 2026 (2),0.9,,4,rules-only,True,True,True,True,match,verified,
imbonerahamwe_igaragaza_inca,Mu mijyi,Ijanisha ry'ihinduka ry'ibiciro ugereranyije n'ukwezi bisa k'umwaka ushize ndetse n'ukwezi kwakubanjirije 2026 (3),1.3,,4,rules-only,True,True,True,True,match,verified,
imbonerahamwe_igaragaza_inca,Mu mijyi,Ijanisha ry'ihinduka ry'ibiciro ugereranyije n'ukwezi bisa k'umwaka ushize ndetse n'ukwezi kwakubanjirije 2026 (4),4.7,,4,rules-only,True,True,True,True,match,verified,
imbonerahamwe_igaragaza_inca,Mu mijyi,Ijanisha ry'ihinduka ry'ibiciro ugereranyije n'ukwezi bisa k'umwaka ushize ndetse n'ukwezi kwakubanjirije 2026 (5),0.5,,4,rules-only,True,True,True,True,match,verified,
imbonerahamwe_igaragaza_inca,Mu mijyi,Ijanisha ry'ihinduka ry'ibiciro ugereranyije n'ukwezi bisa k'umwaka ushize ndetse n'ukwezi kwakubanjirije 2026 (6),0.4,,4,rules-only,True,True,True,True,match,verified,
imbonerahamwe_igaragaza_inca,Mu mijyi,Ijanisha ry'ihinduka ry'ibiciro ugereranyije n'ukwezi bisa k'umwaka ushize ndetse n'ukwezi kwakubanjirije 2026 (7),0.9,,4,rules-only,True,True,True,True,match,verified,
imbonerahamwe_igaragaza_inca,Mu mijyi,Ijanisha ry'ihinduka ry'ibiciro ugereranyije n'ukwezi bisa k'umwaka ushize ndetse n'ukwezi kwakubanjirije 2026 (8),1.8,,4,rules-only,True,True,True,True,match,verified,
imbonerahamwe_igaragaza_inca,Mu byaro,Ijanisha ry'ihinduka ry'ibiciro ugereranyije n'ukwezi bisa k'umwaka ushize ndetse n'ukwezi kwakubanjirije 2025,0.7,,4,rules-only,True,True,True,True,match,verified,
imbonerahamwe_igaragaza_inca,Mu byaro,Ijanisha ry'ihinduka ry'ibiciro ugereranyije n'ukwezi bisa k'umwaka ushize ndetse n'ukwezi kwakubanjirije 2025 (2),1.2,,4,rules-only,True,True,True,True,match,verified,
imbonerahamwe_igaragaza_inca,Mu byaro,Ijanisha ry'ihinduka ry'ibiciro ugereranyije n'ukwezi bisa k'umwaka ushize ndetse n'ukwezi kwakubanjirije 2025 (3),0.8,,4,rules-only,True,True,True,True,match,verified,
imbonerahamwe_igaragaza_inca,Mu byaro,Ijanisha ry'ihinduka ry'ibiciro ugereranyije n'ukwezi bisa k'umwaka ushize ndetse n'ukwezi kwakubanjirije 2025 (4),-0.3,,4,rules-only,True,True,True,True,match,verified,
imbonerahamwe_igaragaza_inca,Mu byaro,Ijanisha ry'ihinduka ry'ibiciro ugereranyije n'ukwezi bisa k'umwaka ushize ndetse n'ukwezi kwakubanjirije 2025 (5),-0.9,,4,rules-only,True,True,True,True,match,verified,
imbonerahamwe_igaragaza_inca,Mu byaro,Ijanisha ry'ihinduka ry'ibiciro ugereranyije n'ukwezi bisa k'umwaka ushize ndetse n'ukwezi kwakubanjirije 2026,0.1,,4,rules-only,True,True,True,True,match,verified,
imbonerahamwe_igaragaza_inca,Mu byaro,Ijanisha ry'ihinduka ry'ibiciro ugereranyije n'ukwezi bisa k'umwaka ushize ndetse n'ukwezi kwakubanjirije 2026 (2),1.4,,4,rules-only,True,True,True,True,match,verified,
imbonerahamwe_igaragaza_inca,Mu byaro,Ijanisha ry'ihinduka ry'ibiciro ugereranyije n'ukwezi bisa k'umwaka ushize ndetse n'ukwezi kwakubanjirije 2026 (3),1.9,,4,rules-only,True,True,True,True,match,verified,
imbonerahamwe_igaragaza_inca,Mu byaro,Ijanisha ry'ihinduka ry'ibiciro ugereranyije n'ukwezi bisa k'umwaka ushize ndetse n'ukwezi kwakubanjirije 2026 (4),6.8,,4,rules-only,True,True,True,True,match,verified,
imbonerahamwe_igaragaza_inca,Mu byaro,Ijanisha ry'ihinduka ry'ibiciro ugereranyije n'ukwezi bisa k'umwaka ushize ndetse n'ukwezi kwakubanjirije 2026 (5),0.7,,4,rules-only,True,True,True,True,match,verified,
imbonerahamwe_igaragaza_inca,Mu byaro,Ijanisha ry'ihinduka ry'ibiciro ugereranyije n'ukwezi bisa k'umwaka ushize ndetse n'ukwezi kwakubanjirije 2026 (6),0.4,,4,rules-only,True,True,True,True,match,verified,
imbonerahamwe_igaragaza_inca,Mu byaro,Ijanisha ry'ihinduka ry'ibiciro ugereranyije n'ukwezi bisa k'umwaka ushize ndetse n'ukwezi kwakubanjirije 2026 (7),-0.2,,4,rules-only,True,True,True,True,match,verified,
imbonerahamwe_igaragaza_inca,Mu byaro,Ijanisha ry'ihinduka ry'ibiciro ugereranyije n'ukwezi bisa k'umwaka ushize ndetse n'ukwezi kwakubanjirije 2026 (8),3.1,,4,rules-only,True,True,True,True,match,verified,
imbonerahamwe_igaragaza_inca,Mu Rwanda,Ijanisha ry'ihinduka ry'ibiciro ugereranyije n'ukwezi bisa k'umwaka ushize ndetse n'ukwezi kwakubanjirije 2025,0.7,,4,rules-only,True,True,True,True,match,verified,
imbonerahamwe_igaragaza_inca,Mu Rwanda,Ijanisha ry'ihinduka ry'ibiciro ugereranyije n'ukwezi bisa k'umwaka ushize ndetse n'ukwezi kwakubanjirije 2025 (2),1.3,,4,rules-only,True,True,True,True,match,verified,
imbonerahamwe_igaragaza_inca,Mu Rwanda,Ijanisha ry'ihinduka ry'ibiciro ugereranyije n'ukwezi bisa k'umwaka ushize ndetse n'ukwezi kwakubanjirije 2025 (3),1.0,,4,rules-only,True,True,True,True,match,verified,
imbonerahamwe_igaragaza_inca,Mu Rwanda,Ijanisha ry'ihinduka ry'ibiciro ugereranyije n'ukwezi bisa k'umwaka ushize ndetse n'ukwezi kwakubanjirije 2025 (4),-0.1,,4,rules-only,True,True,True,True,match,verified,
imbonerahamwe_igaragaza_inca,Mu Rwanda,Ijanisha ry'ihinduka ry'ibiciro ugereranyije n'ukwezi bisa k'umwaka ushize ndetse n'ukwezi kwakubanjirije 2025 (5),-0.6,,4,rules-only,True,True,True,True,match,verified,
imbonerahamwe_igaragaza_inca,Mu Rwanda,Ijanisha ry'ihinduka ry'ibiciro ugereranyije n'ukwezi bisa k'umwaka ushize ndetse n'ukwezi kwakubanjirije 2026,0.6,,4,rules-only,True,True,True,True,match,verified,
imbonerahamwe_igaragaza_inca,Mu Rwanda,Ijanisha ry'ihinduka ry'ibiciro ugereranyije n'ukwezi bisa k'umwaka ushize ndetse n'ukwezi kwakubanjirije 2026 (2),1.2,,4,rules-only,True,True,True,True,match,verified,
imbonerahamwe_igaragaza_inca,Mu Rwanda,Ijanisha ry'ihinduka ry'ibiciro ugereranyije n'ukwezi bisa k'umwaka ushize ndetse n'ukwezi kwakubanjirije 2026 (3),1.7,,4,rules-only,True,True,True,True,match,verified,
imbonerahamwe_igaragaza_inca,Mu Rwanda,Ijanisha ry'ihinduka ry'ibiciro ugereranyije n'ukwezi bisa k'umwaka ushize ndetse n'ukwezi kwakubanjirije 2026 (4),5.9,,4,rules-only,True,True,True,True,match,verified,
imbonerahamwe_igaragaza_inca,Mu Rwanda,Ijanisha ry'ihinduka ry'ibiciro ugereranyije n'ukwezi bisa k'umwaka ushize ndetse n'ukwezi kwakubanjirije 2026 (5),0.6,,4,rules-only,True,True,True,True,match,verified,
imbonerahamwe_igaragaza_inca,Mu Rwanda,Ijanisha ry'ihinduka ry'ibiciro ugereranyije n'ukwezi bisa k'umwaka ushize ndetse n'ukwezi kwakubanjirije 2026 (6),0.4,,4,rules-only,True,True,True,True,match,verified,
imbonerahamwe_igaragaza_inca,Mu Rwanda,Ijanisha ry'ihinduka ry'ibiciro ugereranyije n'ukwezi bisa k'umwaka ushize ndetse n'ukwezi kwakubanjirije 2026 (7),0.3,,4,rules-only,True,True,True,True,match,verified,
imbonerahamwe_igaragaza_inca,Mu Rwanda,Ijanisha ry'ihinduka ry'ibiciro ugereranyije n'ukwezi bisa k'umwaka ushize ndetse n'ukwezi kwakubanjirije 2026 (8),2.6,,4,rules-only,True,True,True,True,match,verified,
